{
  "products": [
    {
      "id": 0,
      "img": "https://lp2.hm.com/hmgoepprod?set=source[/40/1e/401e0c8ac04e4b883c2fedd5d16793d352713b9a.jpg],origin[dam],category[],type[LOOKBOOK],res[z],hmver[1]&call=url[file:/product/main]",
      "title": "벨티드 트윌 코트",
      "price": 99900,
      "choice": true,
      "new": true,
      "size": ["S", "M", "L"]
    },
    {
      "id": 1,
      "img": "https://lp2.hm.com/hmgoepprod?set=source[/af/50/af50afa939c28ba24fd263fb573b4ad5f0858b14.jpg],origin[dam],category[],type[DESCRIPTIVESTILLLIFE],res[y],hmver[2]&call=url[file:/product/main]",
      "title": "슬림핏 맘 하이웨이스트 앵클 진",
      "price": 29900,
      "choice": true,
      "new": true,
      "size": ["S", "M", "L"]
    },
    {
      "id": 2,
      "img": "https://lp2.hm.com/hmgoepprod?set=source[/23/38/233849f8621c2daa3c55da12e4774b3a3194f206.jpg],origin[dam],category[],type[LOOKBOOK],res[z],hmver[1]&call=url[file:/product/main]",
      "title": "와이드 하이웨이스트 진",
      "price": 39900,
      "choice": false,
      "new": true,
      "size": ["S", "M", "L"]
    },
    {
      "id": 3,
      "img": "https://lp2.hm.com/hmgoepprod?set=source[/54/3f/543f75259c5234ad3d589a0aa28bdd4e3541fe1a.jpg],origin[dam],category[],type[LOOKBOOK],res[z],hmver[1]&call=url[file:/product/main]",
      "title": "퍼프 슬리브 드레스",
      "price": 39900,
      "choice": false,
      "new": true,
      "size": ["S", "M", "L"]
    },
    {
      "id": 4,
      "img": "https://lp2.hm.com/hmgoepprod?set=source[/58/05/58050266b11f864c2477388793dbb59eb570bdb3.jpg],origin[dam],category[],type[LOOKBOOK],res[z],hmver[1]&call=url[file:/product/main]",
      "title": "프릴 디테일 블라우스",
      "price": 29900,
      "choice": true,
      "new": false,
      "size": ["S", "M", "L"]
    },
    {
      "id": 5,
      "img": "https://lp2.hm.com/hmgoepprod?set=source[/d7/b6/d7b67332db72d3f1457bb6bfe794d416e422d63e.jpg],origin[dam],category[],type[LOOKBOOK],res[z],hmver[1]&call=url[file:/product/main]",
      "title": "자카드 셔츠 드레스",
      "price": 39900,
      "choice": false,
      "new": false,
      "size": ["S", "M", "L"]
    },
    {
      "id": 6,
      "img": "https://lp2.hm.com/hmgoepprod?set=source[/66/70/6670e92469540e6bf226edd79d90c805969b6f42.jpg],origin[dam],category[],type[LOOKBOOK],res[z],hmver[1]&call=url[file:/product/main]",
      "title": "더블 브레스티드 재킷",
      "price": 39900,
      "choice": true,
      "new": false,
      "size": ["S", "M", "L"]
    },
    {
      "id": 7,
      "img": "https://lp2.hm.com/hmgoepprod?set=source[/35/f7/35f729a58ecde4301394696981f9398063dfddaf.jpg],origin[dam],category[],type[LOOKBOOK],res[z],hmver[1]&call=url[file:/product/main]",
      "title": "오버사이즈 집업 후디",
      "price": 99900,
      "choice": false,
      "new": true,
      "size": ["S", "M", "L"]
    },
    {
      "id": 8,
      "img": "https://lp2.hm.com/hmgoepprod?set=source[/19/7e/197e5a1a90ed848289b034b055258b947362f480.jpg],origin[dam],category[],type[LOOKBOOK],res[z],hmver[1]&call=url[file:/product/main]",
      "title": "프린트 크롭트 탑",
      "price": 14900,
      "choice": true,
      "new": true,
      "size": ["S", "M", "L"]
    },
    {
      "id": 9,
      "img": "https://lp2.hm.com/hmgoepprod?set=source[/9b/34/9b34767c508af8ec1fa09deb0ff01f658804d39b.jpg],origin[dam],category[ladies_accessories_hairaccessories],type[DESCRIPTIVESTILLLIFE],res[z],hmver[2]&call=url[file:/product/main]",
      "title": "프린트 티셔츠",
      "price": 19900,
      "choice": false,
      "new": true,
      "size": ["S", "M", "L"]
    },
    {
      "id": 10,
      "img": "https://lp2.hm.com/hmgoepprod?set=source[/58/05/58050266b11f864c2477388793dbb59eb570bdb3.jpg],origin[dam],category[],type[LOOKBOOK],res[z],hmver[1]&call=url[file:/product/main]",
      "title": "와이드 트윌 팬츠",
      "price": 19900,
      "choice": true,
      "new": false,
      "size": ["S", "M", "L"]
    },
    {
      "id": 11,
      "img": "https://lp2.hm.com/hmgoepprod?set=source[/33/c7/33c77a0b0d03140b857f1e0ada50580f6d7683df.jpg],origin[dam],category[],type[LOOKBOOK],res[z],hmver[1]&call=url[file:/product/main]",
      "title": "플레어 로라이즈 진",
      "price": 29900,
      "choice": true,
      "new": true,
      "size": ["S", "M", "L"]
    },
    {
      "id": 12,
      "img": "https://lp2.hm.com/hmgoepprod?set=source[/23/c2/23c20b1c3bd8e445cb5a38a61a7f62ba28661ae3.jpg],origin[dam],category[],type[LOOKBOOK],res[z],hmver[1]&call=url[file:/product/main]",
      "title": "프린트 크롭트 탑",
      "price": 14900,
      "choice": true,
      "new": true,
      "size": ["S", "M", "L"]
    },
    {
      "id": 13,
      "img": "https://lp2.hm.com/hmgoepprod?set=source[/54/3f/543f75259c5234ad3d589a0aa28bdd4e3541fe1a.jpg],origin[dam],category[],type[LOOKBOOK],res[z],hmver[1]&call=url[file:/product/main]",
      "title": "플레어 로라이즈 진",
      "price": 29900,
      "choice": false,
      "new": false,
      "size": ["S", "M", "L"]
    }
  ]
}
